#ID1,ID2,Cost
1,40,0.017122813032442872
1,229,0.022273095656118083
1,236,0.061698198415912
1,293,0.0946533026121739
1,291,0.09870356907864332
1,185,0.10545225486664744
1,86,0.1070848318930269
1,154,0.11406428279729298
1,233,0.11480130719048079
1,298,0.11537534597813263
2,82,0.008734495481848993
2,43,0.021160969092267022
2,122,0.023288476011966472
2,161,0.02426234135998077
2,270,0.0252362175357539
2,120,0.02549077016756901
2,251,0.03696914967014659
2,14,0.0414521561995942
2,10,0.04735455590876623
2,189,0.04766904324239577
3,72,0.004756364709522717
3,59,0.006565351422678355
3,143,0.006794917797785925
3,31,0.035522096409848894
3,176,0.03747921615950499
3,75,0.05242520642304862
3,252,0.05741865102559834
3,238,0.06508526890287215
3,195,0.06788290031069237
3,228,0.07297710347718607
4,78,0.01120471635093645
4,171,0.011971222966761378
4,219,0.012113408868891855
4,258,0.02586540241805294
4,294,0.027598033979020678
4,74,0.0324389059933632
4,198,0.03870061890638005
4,15,0.03896116671399681
4,153,0.04011814773647899
4,213,0.0438069710063607
5,287,0.011015752303702896
5,216,0.01765983853330062
5,212,0.020052089742352973
5,126,0.03827817437462859
5,121,0.038959020079593204
5,127,0.039505063268243004
5,64,0.046779151484293846
5,101,0.049666802611844245
5,16,0.05314618466179221
5,114,0.05395819473971637
6,177,0.006318350545127948
6,162,0.008731554267548066
6,33,0.014524133621058076
6,94,0.015163205132265005
6,175,0.031284077996472676
6,234,0.03209630840109979
6,48,0.04453650886673814
6,148,0.0457066565003545
6,135,0.046560008707213364
6,132,0.04731782236093385
7,295,0.018690027758426563
7,178,0.02788018784713466
7,245,0.031023617505958525
7,242,0.03220235757172901
7,201,0.03257683125709286
7,266,0.0402360714715524
7,38,0.042825526597572175
7,271,0.04550072882313217
7,163,0.04695845753589629
7,240,0.048340515289255044
8,246,0.007530197281258841
8,84,0.035887622690440046
8,213,0.039849584747024276
8,125,0.04832809889660906
8,15,0.05196271654542815
8,153,0.07032382684688204
8,258,0.08133686965773694
8,4,0.08337924877066359
8,210,0.09285601043885011
8,171,0.09342120047559613
9,193,0.0213275980151624
9,260,0.022602671893886095
9,254,0.028063667001090694
9,192,0.038120823638163256
9,168,0.0439517239665624
9,263,0.052326672855201414
9,19,0.07273271895932133
10,82,0.04343367484080331
10,2,0.04735455590876623
10,270,0.04819571980195616
10,189,0.05220895003915447
10,43,0.05809167349850643
10,122,0.059525538090204874
10,251,0.06640313366465611
10,14,0.0704076324885146
10,161,0.07076938882085505
10,120,0.07124370587796545
11,124,0.015000881536689143
11,73,0.01647715303015586
11,138,0.016724792594079323
11,235,0.020151236705659516
11,264,0.026192286197274522
11,131,0.0277352890935365
11,17,0.028226340060181612
11,146,0.03713701048235271
11,206,0.03950480699504155
11,104,0.052558866451754296
12,28,0.03230618366199476
12,131,0.03578498448420698
12,237,0.04201727695321705
12,235,0.04318407610623199
12,77,0.04418316477296657
12,264,0.04538625078088451
12,73,0.05216350138877939
12,17,0.052976190127495056
12,206,0.05423138420301784
12,16,0.0566349381239899
13,137,0.022734898775905475
13,52,0.026133266279205557
13,190,0.029286391915767266
13,35,0.0336265719538227
13,83,0.037124429815296574
13,284,0.037449832546945186
13,89,0.040823273058682316
13,123,0.04325135922635351
13,280,0.04411286076362465
13,218,0.044228323665641826
14,122,0.018398869542289975
14,270,0.022599572935525863
14,189,0.029639633401906968
14,120,0.03179282923528107
14,161,0.03465536763810566
14,53,0.0371950811871746
14,2,0.0414521561995942
14,82,0.04987784614205065
14,43,0.0600738807150629
14,10,0.0704076324885146
15,84,0.016350802766158874
15,213,0.017114598328371193
15,258,0.029475088759227174
15,4,0.03896116671399681
15,125,0.04222900187653555
15,219,0.04610555715900607
15,78,0.04991817282459531
15,246,0.0505188755926333
15,171,0.050847788841308195
15,8,0.05196271654542815
16,28,0.026880060296123342
16,77,0.030566941950688202
16,121,0.03454425612941653
16,237,0.035243004043478084
16,114,0.03551675428299151
16,64,0.0367423653926116
16,5,0.05314618466179221
16,12,0.0566349381239899
16,287,0.06262860376198863
16,212,0.06417460545341774
17,235,0.018886260367274182
17,131,0.02126086324859797
17,11,0.028226340060181612
17,237,0.03408652113128471
17,73,0.036034770391497814
17,124,0.03866823418912125
17,77,0.03880126552987347
17,264,0.04113842616905488
17,138,0.04458011758241145
17,114,0.0472852282233862
19,263,0.021823763018067596
19,260,0.05624611192986043
19,192,0.06799833210361156
19,9,0.07273271895932133
19,193,0.09317711881365201
19,168,0.09543438631492354
19,254,0.10062199845576372
19,270,0.17178092344549345
20,67,0.020694208210072076
20,249,0.021013719174081725
20,150,0.023137497401010617
20,281,0.023941384698233308
20,68,0.024306092403458275
20,97,0.02498330413902462
20,163,0.026629277610278505
20,37,0.03393106902359906
20,240,0.03529482932249819
20,203,0.03798720653422196
21,215,0.012533927944467256
21,139,0.014620324333166066
21,256,0.019384369636622073
21,204,0.025802452661509278
21,223,0.02927053612603752
21,102,0.043952517001964196
21,95,0.0503612669953298
21,292,0.05590171347551835
21,147,0.058806266653087
21,58,0.06923750552012513
22,265,0.024120983983402976
22,36,0.026494799114549217
22,76,0.04673385134183465
22,140,0.05168461197809686
22,134,0.056426152259504
22,231,0.05670855702021252
22,276,0.07995156981618771
22,214,0.08563497593867743
22,218,0.08660178317402825
22,123,0.08717902847807793
23,165,0.025830457606742855
23,176,0.038484157901212956
23,3,0.07330567540318525
23,143,0.07391140463515272
23,72,0.07801443852856539
23,59,0.0797769186017783
23,75,0.0851774591944519
23,228,0.10062626834704119
23,31,0.10879674657990171
23,252,0.12175342748320095
24,135,0.007035184289456661
24,48,0.00905302993291682
24,66,0.010268733025085838
24,234,0.023447106548693142
24,29,0.027660497961373126
24,33,0.046783314947779875
24,6,0.053588801768760824
24,162,0.0547237800138369
24,177,0.054842715240430356
24,94,0.06298082172772385
25,107,0.005527589997280371
25,218,0.04353997774346954
25,88,0.043582613032229885
25,137,0.05116907524830553
25,164,0.055167610710108755
25,248,0.0577835926956401
25,140,0.06148622001356134
25,214,0.06742213311088213
25,13,0.07188159490981132
25,123,0.07337672530162062
26,129,0.03781418305937447
26,79,0.05368906740641184
26,91,0.06981807572881178
26,239,0.06993002437327275
26,278,0.07366871754770297
26,158,0.07386867980609342
26,142,0.07406599411253326
26,257,0.08276372917796292
26,93,0.0896980079274068
26,273,0.09395353626404164
27,279,0.012987812945468465
27,222,0.035294186175915274
27,144,0.03611755085970224
27,174,0.04080014892713593
27,188,0.042963200997095635
27,155,0.04367735460833878
27,116,0.04720741091964859
27,65,0.04782723189555509
27,274,0.05106717027278427
27,203,0.05123371099037461
28,16,0.026880060296123342
28,12,0.03230618366199476
28,77,0.03281446214563562
28,237,0.034688411477533654
28,114,0.05008359298449645
28,64,0.0548775065504683
28,131,0.05590076388008344
28,121,0.05684398794100189
28,235,0.06329946620772352
28,17,0.06382394819521947
29,66,0.018212728795932186
29,24,0.027660497961373126
29,135,0.033596723352244694
29,48,0.03548878135668577
29,234,0.046010238036987984
29,33,0.07347250498593295
29,177,0.07798401247110294
29,6,0.07808584074797524
29,162,0.08068107994513102
29,94,0.08921259698957032
30,286,0.012758658031874051
30,188,0.015327379420317576
30,210,0.016379274203594703
30,208,0.017794373311205713
30,274,0.01973844515144433
30,174,0.027282290722095565
30,153,0.0381991513604624
30,171,0.05001216220576791
30,78,0.05428770548150936
30,27,0.05538725706477804
31,59,0.0290205107750514
31,72,0.03087179964416075
31,195,0.0334912288631582
31,3,0.035522096409848894
31,143,0.03553348681601567
31,252,0.04150388311455738
31,238,0.0535382034357531
31,277,0.05359984555093093
31,49,0.059960492796764533
31,187,0.06562323163222264
32,141,0.009348438703504318
32,115,0.017653001919612533
32,46,0.025270973754557943
32,169,0.04572702778135116
32,220,0.04753164890428921
32,119,0.04799137002844465
32,47,0.05147568811348296
32,273,0.05318772810146318
32,261,0.06178056747945085
32,257,0.06351244490051747
33,162,0.009331859509630999
33,6,0.014524133621058076
33,94,0.01643872340428422
33,177,0.02036053731229691
33,234,0.02984467420502948
33,48,0.03813065468779649
33,135,0.040108294386635254
33,148,0.04066892081928998
33,175,0.044732426793143355
33,24,0.046783314947779875
34,128,0.016917063744037817
34,207,0.021108093666436015
34,63,0.04043678354760768
34,196,0.050208466190261716
34,255,0.05845516830642069
34,250,0.059157195179500674
34,51,0.06564508807049882
34,157,0.07737869790641705
34,105,0.07786753977384804
34,299,0.07791021948609968
35,89,0.007269008961874392
35,284,0.009666280205864174
35,52,0.014633158988268967
35,190,0.024537783938126657
35,13,0.0336265719538227
35,83,0.042317599527760756
35,280,0.04612027064354699
35,206,0.04739305907176153
35,123,0.050890583172171405
35,137,0.05633948029950095
36,140,0.025737660578456324
36,22,0.026494799114549217
36,231,0.032415665952348106
36,134,0.04145478490170555
36,265,0.04907851760893831
36,276,0.0542087849286478
36,218,0.06063607065562392
36,123,0.06128315101984609
36,76,0.062426168447555164
36,280,0.06599113873730249
37,240,0.008312027299038143
37,163,0.01061537168186758
37,271,0.01660915680925258
37,38,0.027196417031356335
37,20,0.03393106902359906
37,201,0.03698946984823252
37,97,0.04344168882656035
37,281,0.04433423096563141
37,301,0.05013907571874026
37,245,0.05248540916502128
38,271,0.010681197145207984
38,201,0.012546870099970684
38,240,0.019975044206551627
38,301,0.02325952287009927
38,163,0.027052897758525027
38,245,0.02716092878291862
38,37,0.027196417031356335
38,7,0.042825526597572175
38,20,0.05239688717480048
38,178,0.059067988351132875
39,160,0.012469154565035586
39,186,0.02806269280387978
39,199,0.032353687529206324
39,108,0.03688856524064747
39,232,0.046442819968205006
39,60,0.05659793154151797
39,288,0.05836098322092003
39,45,0.0699749895660307
39,47,0.07259273366303597
39,70,0.07410354164112802
40,229,0.01574639919550896
40,1,0.017122813032442872
40,236,0.04608267530471206
40,293,0.07768483897573385
40,185,0.0883350422630078
40,86,0.09016598976855617
40,291,0.09425165124446636
40,298,0.09831217613639082
40,87,0.09919594373463203
40,154,0.09953598627223223
41,81,0.037436473198476795
41,132,0.04191904394202306
41,175,0.05608764254807652
41,177,0.08319739555644622
41,6,0.08720817477979749
41,94,0.08870394518047617
41,162,0.09188729824676584
41,33,0.10081551877520889
41,148,0.10330562166489378
41,234,0.1119590173007527
42,98,0.01822937903266546
42,111,0.04360021974528289
42,194,0.04473730576607373
42,112,0.04856362547586444
42,57,0.06096134011839141
42,283,0.08193672556578914
42,152,0.08407264535030932
42,197,0.09357610781907487
42,227,0.09822895667362139
42,211,0.10806340241979778
43,251,0.01614821712905482
43,82,0.01714088568571519
43,2,0.021160969092267022
43,161,0.03182525332258218
43,120,0.034597627208085464
43,122,0.041764331647708264
43,270,0.04632304821136975
43,10,0.05809167349850643
43,14,0.0600738807150629
43,85,0.06273980940879162
44,225,0.008271098261947296
44,154,0.02921796195923803
44,157,0.03067267595168294
44,130,0.035106624725058246
44,62,0.04447868780504671
44,55,0.05258198206201974
44,196,0.0598000517188656
44,92,0.060564466767586346
44,233,0.06253321556861685
44,86,0.06269689149572842
45,70,0.027168619646280884
45,220,0.03476084339227594
45,169,0.03797156839943974
45,118,0.03926330519293062
45,186,0.04191413246771199
45,47,0.053231605580918336
45,119,0.053266691275005364
45,268,0.05352898790542949
45,60,0.0539681190816547
45,46,0.05433065587991713
46,220,0.022261530908975057
46,32,0.025270973754557943
46,141,0.027665691832484185
46,119,0.027951188413213764
46,169,0.02827305571963195
46,47,0.031362048501403346
46,115,0.042887456401279396
46,259,0.05042227655676711
46,45,0.05433065587991713
46,261,0.05520369462880507
47,119,0.0035234926885574346
47,259,0.02365927339433933
47,220,0.023690826588207276
47,232,0.028503937312605608
47,288,0.030828147713078985
47,46,0.031362048501403346
47,261,0.035947323649114474
47,108,0.03683240198094256
47,273,0.047136661331918586
47,141,0.04861344480354526
48,135,0.002030268223499752
48,24,0.00905302993291682
48,234,0.015041610326051481
48,66,0.019131885032878663
48,29,0.03548878135668577
48,33,0.03813065468779649
48,6,0.04453650886673814
48,162,0.045829928367357026
48,177,0.045846736550700165
48,94,0.054174960414912786
49,244,0.019508132677333277
49,241,0.021913612641700036
49,133,0.024930583099825647
49,277,0.025345723510250103
49,187,0.0286932391831923
49,90,0.031916490142331604
49,195,0.03213824449804657
49,200,0.03358284544541322
49,252,0.03855729380959925
49,149,0.040068594784453994
50,56,0.004493381939211874
50,69,0.013854396635627639
50,106,0.01536749463402303
50,182,0.02306936334152971
50,100,0.033295346710326884
50,101,0.04067076579773425
50,289,0.04443945172002937
50,117,0.04926646089867945
50,212,0.05359606191466213
50,216,0.05849375118324651
51,167,0.028214425370876837
51,209,0.030564092493451565
51,299,0.04449012569093396
51,250,0.046792076258826386
51,87,0.057314773385819286
51,255,0.058364858095798944
51,207,0.06446305716144285
51,105,0.0646868311368031
51,34,0.06564508807049882
51,298,0.07144845580418402
52,190,0.010466291261768937
52,284,0.012587311208858577
52,35,0.014633158988268967
52,89,0.0208021370464718
52,13,0.026133266279205557
52,280,0.03243659698655764
52,123,0.036540972467380306
52,276,0.0435838275680853
52,137,0.0474500992011237
52,83,0.04819977565349363
53,14,0.0371950811871746
53,267,0.04012658943115555
53,120,0.048056105634545404
53,122,0.048844149273156105
53,161,0.05087106732873579
53,270,0.058731472963500744
53,189,0.06483661830179736
53,2,0.07005928079972636
53,82,0.07870466316091386
53,43,0.08265357266733174
54,118,0.02103614861040279
54,99,0.025779761603469644
54,127,0.034322363920750845
54,169,0.03525661715458126
54,126,0.035921045126764736
54,268,0.047935532676341264
54,45,0.05947739007910123
54,46,0.060129814502516706
54,220,0.06212577013396425
54,121,0.06518742393424701
55,92,0.009264089253839536
55,275,0.023259497454668727
55,156,0.03663119740820221
55,202,0.04145011908304569
55,130,0.04558692319763475
55,233,0.04811450417306813
55,44,0.05258198206201974
55,225,0.05322674807353937
55,173,0.05465585527024577
55,285,0.055555095016691716
56,50,0.004493381939211874
56,106,0.015316247326597431
56,69,0.0180494339493607
56,182,0.025695806537077995
56,100,0.029980823912284692
56,101,0.04480477996885221
56,289,0.04855221537469864
56,117,0.05176204952460656
56,212,0.05544663490248844
56,216,0.06112270742128625
57,112,0.017130649269180766
57,111,0.019103757723463698
57,194,0.02017070001245776
57,283,0.026168454412981133
57,197,0.033548563143235864
57,227,0.04083154375849913
57,98,0.04276547324455579
57,211,0.04974883597039943
57,152,0.05200482296415072
57,42,0.06096134011839141
58,61,0.03549740409601505
58,228,0.050007814793668615
58,226,0.052791799502981435
58,149,0.06514296625277133
58,256,0.06603150325098207
58,21,0.06923750552012513
58,151,0.06957823700691443
58,75,0.07027022027650208
58,238,0.0720665471035588
58,300,0.07400017878322762
59,72,0.0025499930833506193
59,3,0.006565351422678355
59,143,0.00835437753344648
59,31,0.0290205107750514
59,176,0.04349504332440967
59,252,0.05374071155324526
59,75,0.05466547642824956
59,195,0.061645431417430986
59,238,0.06232954295948294
59,277,0.07000019862608103
60,290,0.018134068229792938
60,166,0.021628006317846095
60,80,0.035100095343579225
60,70,0.03550775015763304
60,183,0.03911290812440855
60,253,0.04202799747495633
60,186,0.04346694479381244
60,247,0.04467665139790558
60,199,0.04866162376482327
60,45,0.0539681190816547
61,226,0.023709909523445
61,149,0.029954630673140088
61,58,0.03549740409601505
61,300,0.04092052542185378
61,187,0.04185601800176658
61,151,0.04218361107461239
61,238,0.044367377780668384
61,133,0.04505292282406761
61,277,0.0509770572527922
61,228,0.05103657316218524
62,86,0.018585874742181884
62,298,0.02338790642647166
62,105,0.027459565639345644
62,154,0.027974104880247395
62,293,0.028365151040641738
62,185,0.0307704817478062
62,255,0.0374734560142536
62,225,0.0407375650938643
62,87,0.042432148956271905
62,157,0.042505555307642676
63,128,0.0235209319545959
63,207,0.025596740538889946
63,196,0.026033468522278017
63,157,0.039672300930324374
63,34,0.04043678354760768
63,255,0.048480304607347674
63,250,0.05730116897571326
63,105,0.06614001142615217
63,62,0.06778963222413656
63,44,0.07030374733709091
64,114,0.007925448215822783
64,77,0.02850141087377534
64,237,0.03162800025311541
64,16,0.0367423653926116
64,212,0.04490284830693553
64,5,0.046779151484293846
64,287,0.05057835061857209
64,17,0.05454292173734369
64,28,0.0548775065504683
64,216,0.05549528774560805
65,116,0.009777072447774754
65,222,0.014793760703985363
65,203,0.019501271981067242
65,243,0.02078432662324077
65,281,0.028615666229170916
65,97,0.028708846681088772
65,68,0.029978438162325885
65,144,0.03303210318403495
65,279,0.03495581787634962
65,249,0.0373772184562328
66,24,0.010268733025085838
66,135,0.017104684263738665
66,29,0.018212728795932186
66,48,0.019131885032878663
66,234,0.03251902193910927
66,33,0.057051381669542336
66,6,0.06354561362174313
66,177,0.06447900564017085
66,162,0.06494070351810441
66,94,0.07323132056595828
67,150,0.0030436965955463707
67,249,0.012669911534900295
67,68,0.020363229088546275
67,20,0.020694208210072076
67,281,0.031030117355921205
67,203,0.031388304202422265
67,97,0.03313497708632479
67,266,0.0333333784062182
67,198,0.03603566264739737
67,178,0.03861090342830547
68,249,0.007699541234249253
68,203,0.013751634993761976
68,281,0.01438983503268905
68,97,0.016646918171873304
68,150,0.01944745890326029
68,67,0.020363229088546275
68,20,0.024306092403458275
68,243,0.029120789122047835
68,65,0.029978438162325885
68,116,0.039634132863802164
69,50,0.013854396635627639
69,106,0.017821493296793976
69,56,0.0180494339493607
69,182,0.02536628812308668
69,101,0.02681646595679139
69,289,0.036864224894691586
69,100,0.04130931245419076
69,212,0.044627162290698644
69,216,0.04729390557916563
69,117,0.04940969259375356
70,45,0.027168619646280884
70,80,0.032297408490035324
70,60,0.03550775015763304
70,247,0.03655159428272483
70,290,0.03678527764403532
70,268,0.04356761208655753
70,166,0.04651601245841031
70,186,0.048944942697914356
70,118,0.05041543985100536
70,169,0.060966287484107276
71,200,0.018464595667129338
71,103,0.02290601857467006
71,180,0.026302887388302523
71,90,0.029507764352928196
71,241,0.03963000444636199
71,244,0.041349952186478404
71,49,0.05007351821014171
71,300,0.05321951239451513
71,133,0.06092404767751888
71,151,0.06346428612069246
72,59,0.0025499930833506193
72,3,0.004756364709522717
72,143,0.008685329996937349
72,31,0.03087179964416075
72,176,0.042203775998219
72,75,0.05248366571325765
72,252,0.05357483182301574
72,238,0.0617536283237468
72,195,0.0631276741882835
72,277,0.07003663046135424
73,124,0.0055677175089006116
73,264,0.009970272876248359
73,11,0.01647715303015586
73,138,0.016708391877421454
73,235,0.01922958918449021
73,206,0.02377821354869915
73,131,0.024071304927201595
73,146,0.035209989490621964
73,17,0.036034770391497814
73,83,0.042426830470108215
74,294,0.01317596099191178
74,219,0.02131017619945115
74,258,0.026010459050005725
74,242,0.028267691464890103
74,78,0.029635877186731677
74,198,0.0303919914135465
74,269,0.03173638593572546
74,4,0.0324389059933632
74,171,0.03401297253999915
74,266,0.03530188182986242
75,228,0.02087743402402979
75,238,0.04563368268949141
75,252,0.049591894686125924
75,3,0.05242520642304862
75,72,0.05248366571325765
75,59,0.05466547642824956
75,143,0.059205453374046306
75,277,0.06309714948334141
75,61,0.06464807045158748
75,187,0.06710117373562778
76,265,0.03128329028956321
76,22,0.04673385134183465
76,134,0.0601009983020849
76,36,0.062426168447555164
76,231,0.07755988536950692
76,140,0.08622835740611451
76,276,0.1012004157654446
76,123,0.10835432252288534
76,280,0.10915276953466876
76,218,0.1190426900748267
77,237,0.0049859503476041315
77,114,0.021281479251237162
77,64,0.02850141087377534
77,16,0.030566941950688202
77,28,0.03281446214563562
77,17,0.03880126552987347
77,131,0.04210124722948165
77,12,0.04418316477296657
77,235,0.04721864735618619
77,121,0.06364316288859098
78,171,0.00438357214211426
78,219,0.009349665342259193
78,4,0.01120471635093645
78,294,0.02068396506957715
78,198,0.028102930167379223
78,74,0.029635877186731677
78,258,0.032544653552896846
78,266,0.038414637020814116
78,242,0.0428397666999314
78,210,0.043541880876982526
79,129,0.01631270292245946
79,142,0.022076069890764903
79,278,0.02359061750166452
79,257,0.029343451176853396
79,91,0.029723301824369133
79,239,0.032608141999290456
79,158,0.036170383190005755
79,273,0.04026849080195387
79,261,0.044061865890043427
79,26,0.05368906740641184
80,247,0.009647990059801062
80,290,0.020172639150991607
80,166,0.027667236748923647
80,70,0.032297408490035324
80,60,0.035100095343579225
80,253,0.03877215308383785
80,183,0.05037879212890339
80,268,0.05147139133082871
80,289,0.058565131018997435
80,45,0.05946566558803534
81,132,0.007063596342521164
81,175,0.023670190074311957
81,41,0.037436473198476795
81,177,0.051396699679931566
81,94,0.05246028826069081
81,6,0.05392209930062676
81,162,0.056903664171130276
81,148,0.0661037261733655
81,33,0.06617289782506351
81,234,0.08300119881193803
82,2,0.008734495481848993
82,43,0.01714088568571519
82,251,0.03136998112822297
82,161,0.03146999417391881
82,122,0.03189765143667539
82,270,0.03201670577146016
82,120,0.0331436947115595
82,10,0.04343367484080331
82,14,0.04987784614205065
82,189,0.05317967217009344
83,206,0.022639427667123308
83,104,0.030619850400714917
83,146,0.03386105213616887
83,13,0.037124429815296574
83,264,0.03880888012708934
83,124,0.04077538515006157
83,138,0.04098034236995578
83,145,0.041569971970871186
83,35,0.042317599527760756
83,73,0.042426830470108215
84,213,0.013243537719478227
84,15,0.016350802766158874
84,246,0.034168865729899876
84,125,0.0346371930638197
84,8,0.035887622690440046
84,258,0.04581334358752705
84,4,0.05271023136854211
84,153,0.056413732734164466
84,219,0.06126563046940523
84,78,0.06390629134852813
85,251,0.04775616619488656
85,43,0.06273980940879162
85,82,0.07905131415710956
85,2,0.0838740662331573
85,161,0.08575139340064031
85,120,0.08884480354700516
85,122,0.1022455942278958
85,270,0.10887150770270207
85,14,0.11956012073885297
86,298,0.010968293681173726
86,293,0.012593812930327061
86,185,0.012665704315376456
86,62,0.018585874742181884
86,105,0.019258838361775273
86,87,0.027101894238030215
86,255,0.037331203788551495
86,299,0.038452400656957285
86,250,0.040841433399268615
86,154,0.04178257694296602
87,299,0.012884117855975732
87,185,0.01633800994838621
87,105,0.018372428519239693
87,298,0.019049932811915624
87,86,0.027101894238030215
87,250,0.027565310805118672
87,293,0.030748154351012927
87,209,0.03130623640788776
87,255,0.03323974961369522
87,167,0.036701410032542826
88,164,0.01931510802410381
88,214,0.025879524324995462
88,107,0.04081931978257855
88,25,0.043582613032229885
88,140,0.0736601177592616
88,218,0.07582079577728384
88,36,0.08409778503598389
88,137,0.0939652934964922
88,22,0.09473357352711761
88,248,0.09732705296668186
89,35,0.007269008961874392
89,284,0.011364195303873914
89,52,0.0208021370464718
89,190,0.029811347596899043
89,13,0.040823273058682316
89,83,0.045750121659795126
89,206,0.04736753870792125
89,280,0.05053966054161002
89,123,0.05598426809573976
89,264,0.06068894151676174
90,241,0.01240780687480705
90,200,0.012715549633901674
90,300,0.027481582017041775
90,71,0.029507764352928196
90,49,0.031916490142331604
90,133,0.03297596983831416
90,244,0.03644724036151372
90,187,0.037106486318489354
90,103,0.03761351396171457
90,149,0.03820387636996173
91,239,0.003844032640019153
91,142,0.020226892755741552
91,93,0.028667050033919592
91,257,0.02954753024878097
91,79,0.029723301824369133
91,129,0.04068840025860156
91,273,0.041420710558489636
91,278,0.04327448823090151
91,261,0.05626466703677828
91,158,0.062085621376853965
92,55,0.009264089253839536
92,275,0.014537936116602633
92,156,0.02929075869760625
92,202,0.032531744077313435
92,233,0.045844387888026174
92,173,0.047720014204834245
92,285,0.04828941899729315
92,130,0.04894175846800258
92,282,0.05631004966848725
92,225,0.06043884936466937
93,239,0.025650040005628004
93,91,0.028667050033919592
93,142,0.04603009943039689
93,257,0.052450076220082346
93,79,0.05825113154168152
93,273,0.06141278504046687
93,129,0.06737000778225029
93,278,0.07051896249593377
93,261,0.07966141246351749
93,141,0.08005175340794078
94,162,0.008673422943844126
94,6,0.015163205132265005
94,33,0.01643872340428422
94,177,0.020395228183019157
94,148,0.030681269567176768
94,175,0.03380556246990868
94,234,0.04415795837596553
94,132,0.0469067362798614
94,81,0.05246028826069081
94,48,0.054174960414912786
95,147,0.008705064076090818
95,102,0.012738379488807652
95,223,0.02111827580781768
95,297,0.03391823395184713
95,139,0.03640428385274464
95,172,0.04304622790903186
95,215,0.04514740327892002
95,296,0.04806363009577231
95,179,0.04942520092054397
95,21,0.0503612669953298
96,110,0.017690938813365337
96,172,0.0452974067303648
96,179,0.04641411672855315
96,297,0.06553653947278394
96,184,0.06772272362499883
96,147,0.06778328927359503
96,296,0.07296399871263723
96,95,0.07625813501237545
96,205,0.08057983349358865
96,267,0.0814343721344627
97,281,0.0022803989753015395
97,243,0.016457978066376718
97,68,0.016646918171873304
97,249,0.022280071653747468
97,203,0.02340582807113312
97,20,0.02498330413902462
97,65,0.028708846681088772
97,67,0.03313497708632479
97,150,0.03338408568707751
97,116,0.03644929361557334
98,42,0.01822937903266546
98,111,0.026022013735435178
98,194,0.027686547430204093
98,112,0.031362368990148964
98,57,0.04276547324455579
98,283,0.06404863322837756
98,152,0.0699408302231797
98,197,0.07561730655009019
98,227,0.08078761528229493
98,211,0.09050438820847186
99,54,0.025779761603469644
99,126,0.02586320620032817
99,127,0.028444953436752504
99,121,0.04201107277190678
99,118,0.044844959422860466
99,268,0.058534153056010195
99,169,0.0604073874379242
99,5,0.061484453719440786
99,287,0.06914973777805328
99,216,0.07283188235564762
100,106,0.0239607141572566
100,56,0.029980823912284692
100,50,0.033295346710326884
100,69,0.04130931245419076
100,212,0.05384847380471142
100,182,0.055628880342793806
100,64,0.05981622915048739
100,101,0.06282483834434102
100,216,0.06434370437359874
100,114,0.06436753908388913
101,69,0.02681646595679139
101,216,0.032038432434905326
101,289,0.03557794179173193
101,212,0.03698552026948625
101,287,0.038837753361242566
101,106,0.03952505957405955
101,50,0.04067076579773425
101,182,0.04421630856023698
101,56,0.04480477996885221
101,5,0.049666802611844245
102,95,0.012738379488807652
102,223,0.017429218354629725
102,147,0.0178697291267754
102,139,0.029337073886007294
102,297,0.030786214359043797
102,215,0.036249031829305015
102,296,0.042365991038046016
102,21,0.043952517001964196
102,172,0.04547376766601102
102,184,0.05436291707602782
103,180,0.013258359625894247
103,71,0.02290601857467006
103,244,0.02495315101506377
103,200,0.025514599706226267
103,90,0.03761351396171457
103,49,0.040953924961796055
103,241,0.04173540090905591
103,133,0.06016913197786064
103,195,0.06058576811302233
103,187,0.06472699901999403
104,146,0.015725624971790676
104,145,0.025325567247404673
104,83,0.030619850400714917
104,138,0.035966792174230135
104,206,0.04274179106984046
104,124,0.04366499033871673
104,73,0.0483763333618617
104,264,0.05122495278081904
104,248,0.05249218837971962
104,11,0.052558866451754296
105,298,0.008564442795033284
105,185,0.018346336889345848
105,87,0.018372428519239693
105,86,0.019258838361775273
105,255,0.01973035144928194
105,250,0.021584269088413092
105,299,0.024306813277178305
105,62,0.027459565639345644
105,293,0.029740727596436492
105,196,0.040275793919182803
106,56,0.015316247326597431
106,50,0.01536749463402303
106,69,0.017821493296793976
106,100,0.0239607141572566
106,182,0.03774121174328936
106,101,0.03952505957405955
106,212,0.04123019357180093
106,216,0.048427183743441654
106,287,0.05211224926140713
106,289,0.054534481795482495
107,25,0.005527589997280371
107,88,0.04081931978257855
107,218,0.049063911613390944
107,164,0.050969137985825815
107,137,0.05540142187515761
107,248,0.0580861512486408
107,214,0.0655030838995878
107,140,0.06604272434593189
107,13,0.07657071206550077
107,145,0.07884204205417908
108,232,0.009592295540832864
108,288,0.02435288698310393
108,160,0.02614766191851192
108,186,0.030678914375128655
108,47,0.03683240198094256
108,39,0.03688856524064747
108,259,0.03910926393008934
108,119,0.04023426600965443
108,220,0.04880688780706984
108,261,0.05554205002253994
109,205,0.013847189079642303
109,221,0.0203560788398813
109,296,0.023258278436765697
109,184,0.02664272449855385
109,297,0.03763266350084787
109,172,0.051560114953661196
109,102,0.057452737313333564
109,147,0.06383760379927937
109,95,0.0663262928319294
109,223,0.07211449288590799
110,96,0.017690938813365337
110,179,0.030138751305064066
110,172,0.0364802017497935
110,147,0.05179521067962165
110,297,0.05492135759555479
110,95,0.05998665054271163
110,184,0.06318922207878307
110,296,0.06528822600572397
110,102,0.06884310375250526
110,205,0.07541180871737778
111,194,0.003510795582587833
111,112,0.005746003825171201
111,57,0.019103757723463698
111,98,0.026022013735435178
111,42,0.04360021974528289
111,283,0.044389798829921764
111,197,0.05008051109992262
111,227,0.05477550379828597
111,152,0.06288720203695464
111,211,0.06453010572905983
112,194,0.0038690344495950044
112,111,0.005746003825171201
112,57,0.017130649269180766
112,98,0.031362368990148964
112,283,0.04324624328752131
112,197,0.045658397603961655
112,42,0.04856362547586444
112,227,0.049665467575052934
112,211,0.059517621775341104
112,152,0.06501583632868659
113,181,0.01167081330618966
113,159,0.029550325346237853
113,272,0.03158583590432083
113,117,0.03979891419575523
113,211,0.044887901964770355
113,253,0.04615483016641232
113,289,0.04822685308319077
113,227,0.05478799839836066
113,183,0.059836285278667294
113,197,0.06033078109118365
114,64,0.007925448215822783
114,77,0.021281479251237162
114,237,0.02398933684205445
114,16,0.03551675428299151
114,17,0.0472852282233862
114,28,0.05008359298449645
114,212,0.052824633782382904
114,5,0.05395819473971637
114,131,0.05807110688040266
114,287,0.058274606060658124
115,32,0.017653001919612533
115,141,0.019978880165829688
115,46,0.042887456401279396
115,273,0.059866934117002286
115,169,0.0605958080743891
115,119,0.06467784859760459
115,220,0.06514529442749954
115,257,0.06779292161595574
115,47,0.06809059546700764
115,261,0.07260584599811787
116,65,0.009777072447774754
116,222,0.011927143212030923
116,243,0.024794156367425914
116,144,0.025220846765482464
116,203,0.029162233691619653
116,279,0.03511812671254533
116,97,0.03644929361557334
116,281,0.03675677075054846
116,191,0.037789627839234584
116,68,0.039634132863802164
117,182,0.0261974540223229
117,289,0.02741010324592142
117,113,0.03979891419575523
117,50,0.04926646089867945
117,181,0.04927671084270354
117,69,0.04940969259375356
117,56,0.05176204952460656
117,101,0.05976101799690151
117,106,0.06373411595016834
117,159,0.06849550989376849
118,54,0.02103614861040279
118,169,0.02713610084582668
118,268,0.03647185204074984
118,45,0.03926330519293062
118,127,0.04093466300210174
118,126,0.04479317001040995
118,99,0.044844959422860466
118,220,0.04989805627203811
118,70,0.05041543985100536
118,46,0.055405406987495666
119,47,0.0035234926885574346
119,220,0.022070987618333718
119,259,0.025535073295295294
119,46,0.027951188413213764
119,232,0.03200148942403569
119,288,0.034049306128458294
119,261,0.03650343154319913
119,108,0.04023426600965443
119,141,0.04528503504867868
119,273,0.04625116521297393
120,161,0.0031176011691919493
120,122,0.01863316349583795
120,2,0.02549077016756901
120,14,0.03179282923528107
120,270,0.03199555213092415
120,82,0.0331436947115595
120,43,0.034597627208085464
120,53,0.048056105634545404
120,251,0.049089705239862017
120,189,0.05330164858069751
121,16,0.03454425612941653
121,126,0.03626390570771091
121,5,0.038959020079593204
121,127,0.04134438750637451
121,99,0.04201107277190678
121,287,0.04991063037633235
121,216,0.056277834475763275
121,28,0.05684398794100189
121,64,0.05714082870762798
121,212,0.0577803847579833
122,270,0.014139606649255827
122,14,0.018398869542289975
122,120,0.01863316349583795
122,161,0.020577998572078912
122,2,0.023288476011966472
122,82,0.03189765143667539
122,189,0.034685082976931306
122,43,0.041764331647708264
122,53,0.048844149273156105
122,251,0.057860542974382076
123,276,0.0073777465313464245
123,280,0.008065464372040917
123,190,0.026356246972835257
123,218,0.029844872021794484
123,231,0.031731785487397635
123,52,0.036540972467380306
123,140,0.04147255788754656
123,13,0.04325135922635351
123,284,0.045090375134357305
123,137,0.05054273480179003
124,73,0.0055677175089006116
124,138,0.01116641602488798
124,264,0.014277486880726803
124,11,0.015000881536689143
124,235,0.023397906232564412
124,206,0.0246504712635526
124,131,0.028990735608939076
124,146,0.029979870416355758
124,17,0.03866823418912125
124,83,0.04077538515006157
125,84,0.0346371930638197
125,246,0.04163804530637644
125,15,0.04222900187653555
125,213,0.0478570329914667
125,8,0.04832809889660906
125,258,0.06394052864194083
125,4,0.08065540011019426
125,219,0.08600102374872445
125,74,0.08890477240993687
125,269,0.0894987493254062
126,127,0.005294270464759979
126,99,0.02586320620032817
126,54,0.035921045126764736
126,121,0.03626390570771091
126,5,0.03827817437462859
126,268,0.0400337975234141
126,287,0.044377933495042314
126,118,0.04479317001040995
126,216,0.04742081257394843
126,212,0.056391491645203067
127,126,0.005294270464759979
127,99,0.028444953436752504
127,54,0.034322363920750845
127,268,0.034826758352538505
127,5,0.039505063268243004
127,118,0.04093466300210174
127,121,0.04134438750637451
127,287,0.04439769690216605
127,216,0.04671411820363694
127,212,0.05654273022985574
128,207,0.011789167423596371
128,34,0.016917063744037817
128,63,0.0235209319545959
128,196,0.0368777976462668
128,255,0.05086980969380427
128,250,0.055028568685794546
128,157,0.061232000620526375
128,105,0.07056494220858255
128,51,0.07352776034647089
128,299,0.07580293776221864
129,79,0.01631270292245946
129,278,0.03637682352859654
129,26,0.03781418305937447
129,142,0.038038421803848275
129,91,0.04068840025860156
129,158,0.04167112092014883
129,239,0.04252789424465231
129,257,0.04565266653013561
129,273,0.05631851958332079
129,261,0.05767058017019917
130,225,0.02836740905418551
130,154,0.028494680743939432
130,233,0.028666337041159548
130,44,0.035106624725058246
130,55,0.04558692319763475
130,92,0.04894175846800258
130,291,0.05360119301495089
130,173,0.056342846224260223
130,62,0.05644946307865203
130,275,0.060998320699265675
131,235,0.0076654380894042255
131,17,0.02126086324859797
131,73,0.024071304927201595
131,264,0.02431309078510093
131,11,0.0277352890935365
131,124,0.028990735608939076
131,12,0.03578498448420698
131,237,0.03724639697354445
131,138,0.03891497794556251
131,206,0.04111208677902837
132,81,0.007063596342521164
132,175,0.01667304866553002
132,41,0.04191904394202306
132,177,0.044545534269261916
132,94,0.0469067362798614
132,6,0.04731782236093385
132,162,0.050768663782952514
132,33,0.05995821323740381
132,148,0.06317678294584775
132,234,0.0760080120181722
133,187,0.004585311009244701
133,277,0.01319973235318334
133,149,0.015590147963847023
133,241,0.021334362320895986
133,49,0.024930583099825647
133,238,0.026270455492022903
133,252,0.029686923570001796
133,90,0.03297596983831416
133,300,0.03395755906819991
133,200,0.04247472763687243
134,231,0.0255627343922466
134,36,0.04145478490170555
134,276,0.04417504396516249
134,140,0.04735328858422227
134,280,0.04995761907884352
134,123,0.05064343857384621
134,22,0.056426152259504
134,76,0.0601009983020849
134,265,0.06791170963066537
134,218,0.06940808937955423
135,48,0.002030268223499752
135,24,0.007035184289456661
135,234,0.01677919700163207
135,66,0.017104684263738665
135,29,0.033596723352244694
135,33,0.040108294386635254
135,6,0.046560008707213364
135,177,0.04782994765406683
135,162,0.04784888663553597
135,94,0.05618165430928415
136,217,0.025280254040493718
136,230,0.028928438371797642
136,262,0.029557881935387064
136,224,0.04300046178238026
136,180,0.07008254656308578
136,103,0.0804985818458976
136,244,0.09419429982218458
136,71,0.09532816428043746
136,200,0.10564445358808917
136,49,0.11366472575288201
137,13,0.022734898775905475
137,218,0.036323620985237184
137,145,0.04180150896435458
137,248,0.04439212956231966
137,52,0.0474500992011237
137,190,0.047502785378491626
137,83,0.049718124714030844
137,123,0.05054273480179003
137,25,0.05116907524830553
137,280,0.05473261728814119
138,124,0.01116641602488798
138,73,0.016708391877421454
138,11,0.016724792594079323
138,146,0.020865608135372995
138,264,0.024857670779423146
138,206,0.030668094150091793
138,235,0.03241962452373401
138,104,0.035966792174230135
138,131,0.03891497794556251
138,83,0.04098034236995578
139,215,0.010374911936859379
139,21,0.014620324333166066
139,223,0.015774907310341372
139,102,0.029337073886007294
139,256,0.0307195864672115
139,204,0.033569145097981215
139,95,0.03640428385274464
139,147,0.04463923831547015
139,292,0.05317100917737721
139,297,0.058485913039926944
140,231,0.024518634161560134
140,36,0.025737660578456324
140,218,0.03495466167982707
140,276,0.03561589955601034
140,123,0.04147255788754656
140,134,0.04735328858422227
140,280,0.04804498076190558
140,22,0.05168461197809686
140,25,0.06148622001356134
140,107,0.06604272434593189
141,32,0.009348438703504318
141,115,0.019978880165829688
141,46,0.027665691832484185
141,273,0.04415788366852806
141,119,0.04528503504867868
141,47,0.04861344480354526
141,220,0.049149993639968706
141,169,0.05202331045476679
141,261,0.054039079442554434
141,257,0.054232039489946
142,257,0.010508162807586392
142,91,0.020226892755741552
142,79,0.022076069890764903
142,273,0.023177020117925076
142,239,0.02406226750561029
142,278,0.024601302776473506
142,261,0.03608047806985839
142,129,0.038038421803848275
142,158,0.044852781465133974
142,93,0.04603009943039689
143,3,0.006794917797785925
143,59,0.00835437753344648
143,72,0.008685329996937349
143,31,0.03553348681601567
143,176,0.03656307786366663
143,75,0.059205453374046306
143,252,0.06205212422018571
143,195,0.06877250714309197
143,238,0.07042035145789026
143,23,0.07391140463515272
144,222,0.020087121444039263
144,191,0.020251986280178443
144,116,0.025220846765482464
144,279,0.02953635127928681
144,155,0.03138486682508255
144,65,0.03303210318403495
144,27,0.03611755085970224
144,170,0.04445879242973648
144,203,0.04923053050058307
144,243,0.049752335106604546
145,104,0.025325567247404673
145,248,0.02773157910030273
145,146,0.04103570516045555
145,83,0.041569971970871186
145,137,0.04180150896435458
145,13,0.05020366783252619
145,138,0.06110946302332698
145,206,0.061202593481226725
145,124,0.0679472712040052
145,73,0.0722012087029602
146,104,0.015725624971790676
146,138,0.020865608135372995
146,124,0.029979870416355758
146,83,0.03386105213616887
146,73,0.035209989490621964
146,206,0.0366532086253423
146,11,0.03713701048235271
146,264,0.0401646756414118
146,145,0.04103570516045555
146,235,0.05292972182724856
147,95,0.008705064076090818
147,102,0.0178697291267754
147,297,0.02862848233914898
147,223,0.029665790243255594
147,172,0.03491545645322637
147,296,0.043669665954877424
147,179,0.044124312276499655
147,139,0.04463923831547015
147,110,0.05179521067962165
147,184,0.0527768608414085
148,94,0.030681269567176768
148,162,0.03782115885999679
148,33,0.04066892081928998
148,6,0.0457066565003545
148,177,0.051068158086808785
148,175,0.05643549065784881
148,132,0.06317678294584775
148,81,0.0661037261733655
148,234,0.07041252682171423
148,48,0.07651812446700874
149,187,0.013521890866553655
149,133,0.015590147963847023
149,277,0.0250957470107209
149,300,0.026422216426925046
149,238,0.028916899641881537
149,226,0.02977397219503765
149,241,0.02978377345071883
149,61,0.029954630673140088
149,252,0.03760414580865755
149,90,0.03820387636996173
150,67,0.0030436965955463707
150,249,0.011830762673663115
150,68,0.01944745890326029
150,20,0.023137497401010617
150,203,0.02950876626332161
150,281,0.03120588629507623
150,97,0.03338408568707751
150,266,0.03494555919391423
150,198,0.036845045436491995
150,174,0.040414115171289317
151,300,0.017351134160350577
151,226,0.01850710245608738
151,149,0.039708253594347764
151,61,0.04218361107461239
151,90,0.04236092410447922
151,241,0.04592098047561931
151,204,0.05022599947195324
151,133,0.050253827335615404
151,187,0.050926744401607334
151,256,0.05142720074543393
152,283,0.036366408900114784
152,57,0.05200482296415072
152,199,0.05355223386199934
152,111,0.06288720203695464
152,112,0.06501583632868659
152,194,0.06596543621853378
152,197,0.06704660145416634
152,183,0.06794179026712445
152,98,0.0699408302231797
152,227,0.07860395558844158
153,210,0.02253362918188069
153,286,0.027168953485122768
153,30,0.0381991513604624
153,4,0.04011814773647899
153,171,0.04137516336808698
153,213,0.043171880710761404
153,78,0.045036430760608884
153,208,0.04971219635737468
153,188,0.05031407363722919
153,219,0.051428641374419194
154,225,0.021651181756309243
154,62,0.027974104880247395
154,130,0.028494680743939432
154,44,0.02921796195923803
154,86,0.04178257694296602
154,293,0.04515692557797026
154,157,0.04716809637472381
154,298,0.05003709841066595
154,236,0.05395306915315794
154,185,0.0542327669660759
155,170,0.023486588440573778
155,191,0.030535014014308515
155,144,0.03138486682508255
155,27,0.04367735460833878
155,279,0.04669871308620547
155,222,0.049989434867793975
155,116,0.05660494672458083
155,65,0.06404692291245716
155,203,0.07837719642168006
155,243,0.08105721066812754
156,275,0.016057169499208594
156,285,0.019014496309392965
156,282,0.02735653477716964
156,92,0.02929075869760625
156,202,0.031314683294141166
156,55,0.03663119740820221
156,173,0.0550733277601191
156,233,0.06684874655875518
156,130,0.07702926234591588
156,291,0.08479121583631125
157,44,0.03067267595168294
157,196,0.032357037843703834
157,225,0.03597660754089277
157,63,0.039672300930324374
157,62,0.042505555307642676
157,154,0.04716809637472381
157,255,0.05003886031936893
157,105,0.05725840493646505
157,207,0.05775476249490689
157,298,0.05911251544347227
158,278,0.020699433279148298
158,261,0.03042042556032348
158,259,0.03594352977073164
158,79,0.036170383190005755
158,288,0.03843417283890124
158,129,0.04167112092014883
158,257,0.042704218526079425
158,273,0.04392218090361204
158,142,0.044852781465133974
158,232,0.055189604386034034
159,211,0.015443177348513535
159,272,0.023260946968058433
159,227,0.025249071500698272
159,181,0.02548522407949513
159,113,0.029550325346237853
159,197,0.031892983654590375
159,253,0.04812501661356348
159,183,0.05290101937997677
159,283,0.05968991054657315
159,57,0.06503866781306356
160,39,0.012469154565035586
160,108,0.02614766191851192
160,186,0.028558972649785342
160,232,0.0354161225227411
160,199,0.04475241617817815
160,288,0.046179772410913755
160,47,0.06281701078550074
160,259,0.06342531754437357
160,60,0.06503555960341632
160,119,0.06615332194632578
161,120,0.0031176011691919493
161,122,0.020577998572078912
161,2,0.02426234135998077
161,82,0.03146999417391881
161,43,0.03182525332258218
161,270,0.033388875008974334
161,14,0.03465536763810566
161,251,0.04610244381564776
161,53,0.05087106732873579
161,189,0.0552294401848868
162,94,0.008673422943844126
162,6,0.008731554267548066
162,33,0.009331859509630999
162,177,0.014982238942987698
162,234,0.035487489916213324
162,175,0.03589642615070987
162,148,0.03782115885999679
162,48,0.045829928367357026
162,135,0.04784888663553597
162,132,0.050768663782952514
163,240,0.00868625058434052
163,37,0.01061537168186758
163,271,0.017094348142858845
163,20,0.026629277610278505
163,38,0.027052897758525027
163,201,0.033668875085627416
163,97,0.041899729646973145
163,281,0.042258838335338264
163,67,0.04654158639012021
163,7,0.04695845753589629
164,88,0.01931510802410381
164,214,0.03271115518514663
164,107,0.050969137985825815
164,25,0.055167610710108755
164,218,0.0925808391689488
164,140,0.09288401347011421
164,248,0.10198615067510163
164,36,0.10312738002700135
164,137,0.10629231091960235
164,22,0.11234291165933649
165,23,0.025830457606742855
165,176,0.056367461908677474
165,75,0.07942140194533241
165,3,0.08423719340501402
165,143,0.08675322105315744
165,72,0.088553939436532
165,228,0.09042065711451608
165,59,0.09075724921744244
165,31,0.1189923552439955
165,238,0.12315984782864199
166,290,0.009897229619502337
166,253,0.0207808449481657
166,60,0.021628006317846095
166,183,0.024157149310327992
166,80,0.027667236748923647
166,247,0.036333778409077165
166,272,0.045469714963346154
166,70,0.04651601245841031
166,181,0.054992699606277284
166,199,0.06074947568848927
167,209,0.005578982297359902
167,299,0.02620342954742973
167,51,0.028214425370876837
167,87,0.036701410032542826
167,250,0.04118516476458102
167,105,0.050461314873483556
167,185,0.05273904116056515
167,255,0.053345692947350885
167,298,0.05466547483791365
167,86,0.06374313453467989
168,192,0.02835496785424045
168,254,0.04110188625642294
168,260,0.042178935419164634
168,9,0.0439517239665624
168,193,0.049397596137383135
168,263,0.08103158908942378
168,19,0.09543438631492354
169,220,0.027078307726562348
169,118,0.02713610084582668
169,46,0.02827305571963195
169,54,0.03525661715458126
169,45,0.03797156839943974
169,32,0.04572702778135116
169,119,0.04718321629195913
169,47,0.049585435774118065
169,141,0.05202331045476679
169,99,0.0604073874379242
170,155,0.023486588440573778
170,191,0.031224371662679825
170,144,0.04445879242973648
170,222,0.06453743891063579
170,27,0.06640895488719646
170,279,0.06744225417555899
170,116,0.06753564702424934
170,65,0.07655917938171201
170,243,0.08974001180020869
170,203,0.0936668926632676
171,78,0.00438357214211426
171,4,0.011971222966761378
171,219,0.013564952015799346
171,294,0.02470281378724755
171,198,0.03010113036329741
171,74,0.03401297253999915
171,258,0.03573693758104461
171,210,0.03916251891815347
171,266,0.04051351302124348
171,153,0.04137516336808698
172,297,0.02046208246594271
172,184,0.028311378526653032
172,296,0.028810785101933845
172,147,0.03491545645322637
172,110,0.0364802017497935
172,205,0.039576532999456
172,95,0.04304622790903186
172,96,0.0452974067303648
172,102,0.04547376766601102
172,221,0.04548162867281054
173,202,0.02401636955801608
173,233,0.029185547262167644
173,291,0.03144977988228302
173,275,0.044937428887044745
173,92,0.047720014204834245
173,55,0.05465585527024577
173,156,0.0550733277601191
173,130,0.056342846224260223
173,285,0.065922738921039
173,282,0.07627832514458109
174,274,0.011760164833937095
174,208,0.014258257460138703
174,30,0.027282290722095565
174,188,0.027777667443367526
174,203,0.0345566197677736
174,279,0.03567112445712543
174,286,0.03998788462086849
174,150,0.040414115171289317
174,210,0.04066213015890661
174,27,0.04080014892713593
175,132,0.01667304866553002
175,81,0.023670190074311957
175,177,0.02800726149661444
175,6,0.031284077996472676
175,94,0.03380556246990868
175,162,0.03589642615070987
175,33,0.044732426793143355
175,41,0.05608764254807652
175,148,0.05643549065784881
175,234,0.05933770571241731
176,143,0.03656307786366663
176,3,0.03747921615950499
176,23,0.038484157901212956
176,72,0.042203775998219
176,59,0.04349504332440967
176,165,0.056367461908677474
176,75,0.06901604636066243
176,31,0.07207045410246007
176,228,0.08887553732455233
176,252,0.09227628171893537
177,6,0.006318350545127948
177,162,0.014982238942987698
177,33,0.02036053731229691
177,94,0.020395228183019157
177,175,0.02800726149661444
177,234,0.03218693427913511
177,132,0.044545534269261916
177,48,0.045846736550700165
177,135,0.04782994765406683
177,148,0.051068158086808785
178,242,0.012341648353521476
178,266,0.012452527568648127
178,198,0.02244337855582185
178,295,0.023113055570657615
178,7,0.02788018784713466
178,294,0.03375732409193145
178,67,0.03861090342830547
178,74,0.0401103950714632
178,20,0.0409121221014102
178,150,0.0409194573541626
179,110,0.030138751305064066
179,147,0.044124312276499655
179,96,0.04641411672855315
179,95,0.04942520092054397
179,172,0.051393175570959855
179,102,0.061541652911003254
179,297,0.062262662024819726
179,292,0.06452415753095486
179,223,0.0677524486751166
179,296,0.07654347307942362
180,103,0.013258359625894247
180,71,0.026302887388302523
180,200,0.035964779315302356
180,244,0.03713554412219783
180,90,0.04862163099382612
180,49,0.054100710279436796
180,241,0.0542453745414895
180,224,0.06951824683768724
180,136,0.07008254656308578
180,195,0.0714825997036984
181,113,0.01167081330618966
181,272,0.020455430917197176
181,159,0.02548522407949513
181,253,0.035148850497453234
181,211,0.03950722015084558
181,183,0.04819327308280642
181,117,0.04927671084270354
181,227,0.04949897403489304
181,289,0.0524764134460787
181,197,0.05309544566562081
182,50,0.02306936334152971
182,69,0.02536628812308668
182,56,0.025695806537077995
182,117,0.0261974540223229
182,289,0.028322810919789578
182,106,0.03774121174328936
182,101,0.04421630856023698
182,100,0.055628880342793806
182,113,0.06431398470681714
182,212,0.06982353323470482
183,253,0.018316995175920524
183,166,0.024157149310327992
183,272,0.031200659808020392
183,290,0.03401137573679717
183,60,0.03911290812440855
183,181,0.04819327308280642
183,283,0.05027186063761627
183,80,0.05037879212890339
183,197,0.05149337773085635
183,159,0.05290101937997677
184,205,0.012907526453261896
184,296,0.01325078821123465
184,221,0.017312189461496142
184,297,0.024514306337498203
184,109,0.02664272449855385
184,172,0.028311378526653032
184,147,0.0527768608414085
184,102,0.05436291707602782
184,95,0.05843129504861263
184,110,0.06318922207878307
185,298,0.011553039961320826
185,86,0.012665704315376456
185,293,0.014590569674394135
185,87,0.01633800994838621
185,105,0.018346336889345848
185,299,0.028945950917548004
185,62,0.0307704817478062
185,250,0.037502045791670754
185,255,0.03802915843750441
185,209,0.04745309282439581
186,39,0.02806269280387978
186,160,0.028558972649785342
186,108,0.030678914375128655
186,232,0.03832378871810285
186,45,0.04191413246771199
186,60,0.04346694479381244
186,199,0.04883692404845222
186,70,0.048944942697914356
186,288,0.054737897053586504
186,220,0.05487801150868691
187,133,0.004585311009244701
187,277,0.01206097383605432
187,149,0.013521890866553655
187,238,0.02231811604097654
187,241,0.025731603332284005
187,252,0.02716575350995626
187,49,0.0286932391831923
187,300,0.03535775265556585
187,90,0.037106486318489354
187,61,0.04185601800176658
188,30,0.015327379420317576
188,286,0.023151946161289117
188,208,0.026069477892040144
188,274,0.026630376256400825
188,174,0.027777667443367526
188,210,0.03052273117912426
188,27,0.042963200997095635
188,279,0.04630500928437837
188,153,0.05031407363722919
188,203,0.06141189102054651
189,270,0.02321468025926497
189,14,0.029639633401906968
189,122,0.034685082976931306
189,2,0.04766904324239577
189,10,0.05220895003915447
189,82,0.05317967217009344
189,120,0.05330164858069751
189,161,0.0552294401848868
189,53,0.06483661830179736
189,43,0.06880456009123263
190,52,0.010466291261768937
190,284,0.01943677196171576
190,280,0.02197051671959819
190,35,0.024537783938126657
190,123,0.026356246972835257
190,13,0.029286391915767266
190,89,0.029811347596899043
190,276,0.03325532884745369
190,218,0.04699129989109861
190,137,0.047502785378491626
191,144,0.020251986280178443
191,155,0.030535014014308515
191,170,0.031224371662679825
191,116,0.037789627839234584
191,222,0.03786061324170226
191,65,0.04735459828946261
191,279,0.049554741825109896
191,27,0.05447943354228799
191,243,0.05869475452317986
191,203,0.06588891734704885
192,260,0.022018731130922793
192,168,0.02835496785424045
192,9,0.038120823638163256
192,254,0.05284612948697827
192,193,0.054593552761650316
192,263,0.05603493242411946
192,19,0.06799833210361156
192,270,0.23900559359070936
193,254,0.013015632019297018
193,9,0.0213275980151624
193,260,0.04339732052537372
193,168,0.049397596137383135
193,192,0.054593552761650316
193,263,0.07210658824180594
193,19,0.09317711881365201
194,111,0.003510795582587833
194,112,0.0038690344495950044
194,57,0.02017070001245776
194,98,0.027686547430204093
194,42,0.04473730576607373
194,283,0.046038481083817175
194,197,0.04951243670263882
194,227,0.053499684428615024
194,211,0.06336619504987155
194,152,0.06596543621853378
195,49,0.03213824449804657
195,31,0.0334912288631582
195,244,0.03620875510989407
195,252,0.03985087417044992
195,277,0.04017336939228287
195,133,0.04912570454681982
195,187,0.05066052152586766
195,238,0.051197577783283904
195,241,0.053924475082367834
195,103,0.06058576811302233
196,255,0.024060583866211602
196,63,0.026033468522278017
196,207,0.029130138599092654
196,157,0.032357037843703834
196,250,0.03500187190467962
196,128,0.0368777976462668
196,105,0.040275793919182803
196,62,0.043891782527779005
196,298,0.04641357678341104
196,34,0.050208466190261716
197,227,0.011688616812152249
197,211,0.017267224376062245
197,283,0.030707442024165543
197,159,0.031892983654590375
197,57,0.033548563143235864
197,272,0.03806842046849802
197,112,0.045658397603961655
197,194,0.04951243670263882
197,111,0.05008051109992262
197,183,0.05149337773085635
198,266,0.010416275788712692
198,294,0.01842221471219299
198,242,0.019967811804018184
198,178,0.02244337855582185
198,78,0.028102930167379223
198,219,0.029002389567964946
198,171,0.03010113036329741
198,74,0.0303919914135465
198,67,0.03603566264739737
198,150,0.036845045436491995
199,39,0.032353687529206324
199,160,0.04475241617817815
199,60,0.04866162376482327
199,186,0.04883692404845222
199,152,0.05355223386199934
199,183,0.05726886161578606
199,166,0.06074947568848927
199,290,0.06378363954932757
199,108,0.06839278234653351
199,283,0.07026362487928016
200,90,0.012715549633901674
200,71,0.018464595667129338
200,241,0.02122886842919736
200,103,0.025514599706226267
200,244,0.03074250692015489
200,49,0.03358284544541322
200,180,0.035964779315302356
200,300,0.03971683461338455
200,133,0.04247472763687243
200,187,0.04692904048366553
201,38,0.012546870099970684
201,245,0.015510207247131232
201,301,0.01999549752563908
201,271,0.020869126099792686
201,240,0.028866773262657974
201,7,0.03257683125709286
201,163,0.033668875085627416
201,37,0.03698946984823252
201,295,0.051259933179376174
201,178,0.05309891873970147
202,173,0.02401636955801608
202,275,0.024021674806505067
202,156,0.031314683294141166
202,92,0.032531744077313435
202,55,0.04145011908304569
202,285,0.04232619091068773
202,233,0.04281820923017639
202,282,0.052692205262560854
202,291,0.05482743376507739
202,130,0.0626906037881414
203,68,0.013751634993761976
203,65,0.019501271981067242
203,249,0.01968843322504005
203,281,0.021791827400248095
203,97,0.02340582807113312
203,243,0.028110751571935492
203,222,0.029144728887947922
203,116,0.029162233691619653
203,150,0.02950876626332161
203,67,0.031388304202422265
204,256,0.009938091628679932
204,21,0.025802452661509278
204,139,0.033569145097981215
204,215,0.03742160605608776
204,292,0.038708793320851295
204,223,0.03998127868057482
204,151,0.05022599947195324
204,226,0.05551965029157956
204,102,0.05740942164967999
204,95,0.05835728631541323
205,221,0.012121977949741838
205,184,0.012907526453261896
205,109,0.013847189079642303
205,296,0.014294072495721984
205,297,0.02963307091076163
205,172,0.039576532999456
205,102,0.05547984024106634
205,147,0.057947751117342614
205,95,0.06209470553517267
205,223,0.07182636454499561
206,264,0.017211091839168313
206,83,0.022639427667123308
206,73,0.02377821354869915
206,124,0.0246504712635526
206,138,0.030668094150091793
206,146,0.0366532086253423
206,11,0.03950480699504155
206,235,0.03967618433650181
206,131,0.04111208677902837
206,104,0.04274179106984046
207,128,0.011789167423596371
207,34,0.021108093666436015
207,63,0.025596740538889946
207,196,0.029130138599092654
207,255,0.039632320280988724
207,250,0.04325707172247158
207,157,0.05775476249490689
207,105,0.059362137754668795
207,299,0.06402301935632158
207,51,0.06446305716144285
208,274,0.002656140264664647
208,174,0.014258257460138703
208,30,0.017794373311205713
208,188,0.026069477892040144
208,210,0.02763410380010512
208,286,0.02923342715079105
208,150,0.04195810641437479
208,67,0.044788014244421755
208,203,0.04531616635092833
208,171,0.04601341177252396
209,167,0.005578982297359902
209,299,0.020624508600017098
209,51,0.030564092493451565
209,87,0.03130623640788776
209,250,0.03632049754989209
209,105,0.04488912833553064
209,185,0.04745309282439581
209,255,0.04831782884538044
209,298,0.04911487300380111
209,86,0.05828586215600954
210,286,0.010054172897096767
210,30,0.016379274203594703
210,153,0.02253362918188069
210,208,0.02763410380010512
210,274,0.03024200248193688
210,188,0.03052273117912426
210,171,0.03916251891815347
210,174,0.04066213015890661
210,78,0.043541880876982526
210,4,0.04434518712437859
211,227,0.010016120389469682
211,159,0.015443177348513535
211,197,0.017267224376062245
211,272,0.029942422843825863
211,181,0.03950722015084558
211,113,0.044887901964770355
211,283,0.04709096649467296
211,57,0.04974883597039943
211,183,0.053379125583644285
211,253,0.053886380681828855
212,287,0.012159952010269091
212,216,0.01259249432975195
212,5,0.020052089742352973
212,101,0.03698552026948625
212,106,0.04123019357180093
212,69,0.044627162290698644
212,64,0.04490284830693553
212,114,0.052824633782382904
212,50,0.05359606191466213
212,100,0.05384847380471142
213,84,0.013243537719478227
213,15,0.017114598328371193
213,8,0.039849584747024276
213,246,0.04056868752038081
213,153,0.043171880710761404
213,258,0.0434789545820909
213,4,0.0438069710063607
213,125,0.0478570329914667
213,219,0.053887359893739155
213,171,0.05444392097895707
214,88,0.025879524324995462
214,164,0.03271115518514663
214,107,0.0655030838995878
214,25,0.06742213311088213
214,140,0.08004912128805072
214,36,0.08246597360078031
214,22,0.08563497593867743
214,218,0.09208926648159509
214,265,0.10388420333749969
214,231,0.10405094919522626
215,139,0.010374911936859379
215,21,0.012533927944467256
215,223,0.025512629796807948
215,256,0.03185768570709749
215,102,0.036249031829305015
215,204,0.03742160605608776
215,95,0.04514740327892002
215,147,0.052934318514504496
215,292,0.06239587931370391
215,297,0.06293261109155568
216,287,0.00683426842207369
216,212,0.01259249432975195
216,5,0.01765983853330062
216,101,0.032038432434905326
216,127,0.04671411820363694
216,69,0.04729390557916563
216,126,0.04742081257394843
216,106,0.048427183743441654
216,268,0.05017949112543197
216,64,0.05549528774560805
217,230,0.004244476070753522
217,224,0.021553737254309806
217,136,0.025280254040493718
217,262,0.048488816218825996
217,180,0.07565293746093561
217,103,0.0829035412564368
217,244,0.09000774491463716
217,195,0.10176242886039298
217,71,0.1019553250603853
217,200,0.10829132991695689
218,123,0.029844872021794484
218,276,0.03075677670394878
218,140,0.03495466167982707
218,137,0.036323620985237184
218,280,0.03762080296010984
218,25,0.04353997774346954
218,13,0.044228323665641826
218,231,0.04431597639229995
218,190,0.04699129989109861
218,107,0.049063911613390944
219,78,0.009349665342259193
219,4,0.012113408868891855
219,171,0.013564952015799346
219,294,0.01556804180610949
219,74,0.02131017619945115
219,258,0.02454151567066456
219,198,0.029002389567964946
219,266,0.038493716639716354
219,242,0.039590600189707205
219,15,0.04610555715900607
220,119,0.022070987618333718
220,46,0.022261530908975057
220,47,0.023690826588207276
220,169,0.027078307726562348
220,45,0.03476084339227594
220,232,0.043815737279339274
220,259,0.047337890229797154
220,32,0.04753164890428921
220,108,0.04880688780706984
220,141,0.049149993639968706
221,205,0.012121977949741838
221,184,0.017312189461496142
221,109,0.0203560788398813
221,296,0.02523626192106999
221,297,0.03989043517607875
221,172,0.04548162867281054
221,102,0.06729771480632016
221,147,0.06851573615257568
221,95,0.07327318469802215
221,110,0.07933340751820844
222,116,0.011927143212030923
222,65,0.014793760703985363
222,144,0.020087121444039263
222,279,0.023241536278162646
222,203,0.029144728887947922
222,243,0.03481383463493816
222,27,0.035294186175915274
222,191,0.03786061324170226
222,68,0.04201847022595817
222,281,0.04308654173173166
223,139,0.015774907310341372
223,102,0.017429218354629725
223,95,0.02111827580781768
223,215,0.025512629796807948
223,21,0.02927053612603752
223,147,0.029665790243255594
223,204,0.03998127868057482
223,256,0.04080752947534601
223,292,0.04613459774481144
223,297,0.04821521038941415
224,230,0.01745963364541757
224,217,0.021553737254309806
224,136,0.04300046178238026
224,262,0.06942252421795672
224,180,0.06951824683768724
224,103,0.07357061710157597
224,244,0.07523082005684709
224,195,0.08198460739753095
224,49,0.09258216141210172
224,71,0.09500413301642875
225,44,0.008271098261947296
225,154,0.021651181756309243
225,130,0.02836740905418551
225,157,0.03597660754089277
225,62,0.0407375650938643
225,55,0.05322674807353937
225,233,0.05660649657985005
225,86,0.05825309822731647
225,92,0.06043884936466937
225,196,0.0624869058248497
226,151,0.01850710245608738
226,300,0.022212494629288735
226,61,0.023709909523445
226,149,0.02977397219503765
226,187,0.04306407725230096
226,133,0.04406202264998537
226,241,0.04806524697503826
226,90,0.049283794215281375
226,58,0.052791799502981435
226,256,0.05329458394589292
227,211,0.010016120389469682
227,197,0.011688616812152249
227,159,0.025249071500698272
227,272,0.03858085459452501
227,57,0.04083154375849913
227,283,0.04223770032490989
227,181,0.04949897403489304
227,112,0.049665467575052934
227,194,0.053499684428615024
227,111,0.05477550379828597
228,75,0.02087743402402979
228,238,0.04855700490382888
228,58,0.050007814793668615
228,61,0.05103657316218524
228,252,0.05692214120490286
228,149,0.0638900047097021
228,277,0.06607147214408496
228,187,0.06630537822688269
228,133,0.07088717361411535
228,72,0.0726924315141556
229,40,0.01574639919550896
229,1,0.022273095656118083
229,236,0.042347604075295475
229,293,0.07825941474703059
229,291,0.07913738245265552
229,86,0.0902064310800455
229,185,0.09058631402918292
229,154,0.09275307543527614
229,233,0.09319970438465873
229,130,0.09636941338932772
230,217,0.004244476070753522
230,224,0.01745963364541757
230,136,0.028928438371797642
230,262,0.05272860510579251
230,180,0.07497192741712852
230,103,0.08163034224146627
230,244,0.08765609790559012
230,195,0.09829856934592068
230,71,0.10123643317395122
230,49,0.10602162870512906
231,276,0.02435930813592166
231,140,0.024518634161560134
231,134,0.0255627343922466
231,123,0.031731785487397635
231,36,0.032415665952348106
231,280,0.03474601840934381
231,218,0.04431597639229995
231,190,0.05668725461893081
231,22,0.05670855702021252
231,52,0.06714882289227049
232,108,0.009592295540832864
232,288,0.01678939341862931
232,47,0.028503937312605608
232,259,0.02972283261300035
232,119,0.03200148942403569
232,160,0.0354161225227411
232,186,0.03832378871810285
232,220,0.043815737279339274
232,261,0.04628649311436178
232,39,0.046442819968205006
233,291,0.028373126235880678
233,130,0.028666337041159548
233,173,0.029185547262167644
233,202,0.04281820923017639
233,92,0.045844387888026174
233,55,0.04811450417306813
233,275,0.051884681795026824
233,154,0.05511843079769894
233,225,0.05660649657985005
233,44,0.06253321556861685
234,48,0.015041610326051481
234,135,0.01677919700163207
234,24,0.023447106548693142
234,33,0.02984467420502948
234,6,0.03209630840109979
234,177,0.03218693427913511
234,66,0.03251902193910927
234,162,0.035487489916213324
234,94,0.04415795837596553
234,29,0.046010238036987984
235,131,0.0076654380894042255
235,17,0.018886260367274182
235,73,0.01922958918449021
235,11,0.020151236705659516
235,264,0.0224705440204525
235,124,0.023397906232564412
235,138,0.03241962452373401
235,206,0.03967618433650181
235,237,0.04225418147921968
235,12,0.04318407610623199
236,293,0.037692115804379527
236,229,0.042347604075295475
236,40,0.04608267530471206
236,86,0.0487674963900467
236,185,0.05149324800070788
236,154,0.05395306915315794
236,62,0.05657748032323651
236,298,0.058768811076188414
236,1,0.061698198415912
236,130,0.06620036067472876
237,77,0.0049859503476041315
237,114,0.02398933684205445
237,64,0.03162800025311541
237,17,0.03408652113128471
237,28,0.034688411477533654
237,16,0.035243004043478084
237,131,0.03724639697354445
237,12,0.04201727695321705
237,235,0.04225418147921968
237,11,0.059839467110214185
238,252,0.012580509382741295
238,277,0.017805373938114998
238,187,0.02231811604097654
238,133,0.026270455492022903
238,149,0.028916899641881537
238,49,0.04304723730508443
238,61,0.044367377780668384
238,75,0.04563368268949141
238,241,0.047436442591671756
238,228,0.04855700490382888
239,91,0.003844032640019153
239,142,0.02406226750561029
239,93,0.025650040005628004
239,79,0.032608141999290456
239,257,0.03326623062988398
239,129,0.04252789424465231
239,273,0.044987936462037505
239,278,0.047034403752618026
239,261,0.060080505285605795
239,158,0.06566349935880318
240,37,0.008312027299038143
240,163,0.00868625058434052
240,271,0.009355258397256165
240,38,0.019975044206551627
240,201,0.028866773262657974
240,20,0.03529482932249819
240,301,0.04322212367624112
240,245,0.044321282621016
240,7,0.048340515289255044
240,97,0.04895732661387261
241,90,0.01240780687480705
241,200,0.02122886842919736
241,133,0.021334362320895986
241,49,0.021913612641700036
241,187,0.025731603332284005
241,300,0.02889373358723106
241,149,0.02978377345071883
241,277,0.031769511500707885
241,244,0.03238334487099545
241,71,0.03963000444636199
242,178,0.012341648353521476
242,266,0.014650014016568048
242,295,0.019444402157383807
242,198,0.019967811804018184
242,294,0.024143704720538225
242,74,0.028267691464890103
242,7,0.03220235757172901
242,219,0.039590600189707205
242,78,0.0428397666999314
242,269,0.0456080277290439
243,97,0.016457978066376718
243,281,0.018031411295340503
243,65,0.02078432662324077
243,116,0.024794156367425914
243,203,0.028110751571935492
243,68,0.029120789122047835
243,222,0.03481383463493816
243,249,0.03632639213336859
243,20,0.04124913769853236
243,150,0.04807926929923747
244,49,0.019508132677333277
244,103,0.02495315101506377
244,200,0.03074250692015489
244,241,0.03238334487099545
244,195,0.03620875510989407
244,90,0.03644724036151372
244,180,0.03713554412219783
244,71,0.041349952186478404
244,133,0.043514803727226326
244,277,0.04477529731133078
245,201,0.015510207247131232
245,301,0.01885192484011748
245,38,0.02716092878291862
245,7,0.031023617505958525
245,271,0.03634087630520952
245,240,0.044321282621016
245,295,0.04850631752596488
245,163,0.04857531199411254
245,37,0.05248540916502128
245,178,0.05700449908522901
246,8,0.007530197281258841
246,84,0.034168865729899876
246,213,0.04056868752038081
246,125,0.04163804530637644
246,15,0.0505188755926333
246,153,0.07476313610244588
246,258,0.07997850840297158
246,4,0.08436978056619193
246,219,0.09415256813687159
246,171,0.09492076929110493
247,80,0.009647990059801062
247,290,0.029613859745126075
247,166,0.036333778409077165
247,70,0.03655159428272483
247,253,0.0442264745932309
247,60,0.04467665139790558
247,268,0.046067731583597386
247,289,0.051141040462184484
247,101,0.05403848320760279
247,183,0.057828514436400066
248,145,0.02773157910030273
248,137,0.04439212956231966
248,104,0.05249218837971962
248,25,0.0577835926956401
248,107,0.0580861512486408
248,13,0.06259421253460715
248,83,0.06697574682903669
248,146,0.06795297881600562
248,218,0.07344022771960802
248,206,0.08803986572818179
249,68,0.007699541234249253
249,150,0.011830762673663115
249,67,0.012669911534900295
249,203,0.01968843322504005
249,281,0.020024654528277588
249,20,0.021013719174081725
249,97,0.022280071653747468
249,243,0.03632639213336859
249,65,0.0373772184562328
249,174,0.04080677624731972
250,255,0.012405885937499308
250,299,0.021486209122710574
250,105,0.021584269088413092
250,87,0.027565310805118672
250,298,0.030016150344621545
250,196,0.03500187190467962
250,209,0.03632049754989209
250,185,0.037502045791670754
250,86,0.040841433399268615
250,167,0.04118516476458102
251,43,0.01614821712905482
251,82,0.03136998112822297
251,2,0.03696914967014659
251,161,0.04610244381564776
251,85,0.04775616619488656
251,120,0.049089705239862017
251,122,0.057860542974382076
251,270,0.06220522151889253
251,10,0.06640313366465611
251,14,0.07611351483342377
252,238,0.012580509382741295
252,277,0.01707191453710967
252,187,0.02716575350995626
252,133,0.029686923570001796
252,149,0.03760414580865755
252,49,0.03855729380959925
252,195,0.03985087417044992
252,31,0.04150388311455738
252,241,0.04875927773463844
252,75,0.049591894686125924
253,183,0.018316995175920524
253,166,0.0207808449481657
253,272,0.024985688867541104
253,290,0.028984269152947228
253,181,0.035148850497453234
253,80,0.03877215308383785
253,60,0.04202799747495633
253,247,0.0442264745932309
253,113,0.04615483016641232
253,159,0.04812501661356348
254,193,0.013015632019297018
254,9,0.028063667001090694
254,168,0.04110188625642294
254,260,0.046990681720611
254,192,0.05284612948697827
254,263,0.08039003583672436
254,19,0.10062199845576372
255,250,0.012405885937499308
255,105,0.01973035144928194
255,196,0.024060583866211602
255,298,0.027830087999951732
255,299,0.031315221873112406
255,87,0.03323974961369522
255,86,0.037331203788551495
255,62,0.0374734560142536
255,185,0.03802915843750441
255,207,0.039632320280988724
256,204,0.009938091628679932
256,21,0.019384369636622073
256,139,0.0307195864672115
256,215,0.03185768570709749
256,223,0.04080752947534601
256,292,0.048141428651639846
256,151,0.05142720074543393
256,226,0.05329458394589292
256,102,0.057827599260943316
256,95,0.06088467637694891
257,142,0.010508162807586392
257,273,0.012672531782765607
257,278,0.022139515985187964
257,261,0.027378183857657744
257,79,0.029343451176853396
257,91,0.02954753024878097
257,239,0.03326623062988398
257,158,0.042704218526079425
257,259,0.0438976545623223
257,129,0.04565266653013561
258,219,0.02454151567066456
258,4,0.02586540241805294
258,74,0.026010459050005725
258,15,0.029475088759227174
258,78,0.032544653552896846
258,294,0.03262282916353643
258,171,0.03573693758104461
258,269,0.042605581001764786
258,213,0.0434789545820909
258,84,0.04581334358752705
259,261,0.016680769616759225
259,288,0.01823836121985981
259,47,0.02365927339433933
259,119,0.025535073295295294
259,232,0.02972283261300035
259,273,0.03480822344635216
259,278,0.03547759058214082
259,158,0.03594352977073164
259,108,0.03910926393008934
259,257,0.0438976545623223
260,192,0.022018731130922793
260,9,0.022602671893886095
260,263,0.03928519395215692
260,168,0.042178935419164634
260,193,0.04339732052537372
260,254,0.046990681720611
260,19,0.05624611192986043
260,10,0.18592219820862219
261,259,0.016680769616759225
261,273,0.019838850584124084
261,278,0.021303836332464812
261,257,0.027378183857657744
261,158,0.03042042556032348
261,288,0.03292211244667173
261,47,0.035947323649114474
261,142,0.03608047806985839
261,119,0.03650343154319913
261,79,0.044061865890043427
262,136,0.029557881935387064
262,217,0.048488816218825996
262,230,0.05272860510579251
262,224,0.06942252421795672
262,180,0.09538065921659844
262,103,0.1069918031535339
262,244,0.12277661038915762
262,200,0.13134531820610432
262,49,0.14228471793156366
263,19,0.021823763018067596
263,260,0.03928519395215692
263,9,0.052326672855201414
263,192,0.05603493242411946
263,193,0.07210658824180594
263,254,0.08039003583672436
263,168,0.08103158908942378
263,10,0.14679493480514985
264,73,0.009970272876248359
264,124,0.014277486880726803
264,206,0.017211091839168313
264,235,0.0224705440204525
264,131,0.02431309078510093
264,138,0.024857670779423146
264,11,0.026192286197274522
264,83,0.03880888012708934
264,146,0.0401646756414118
264,17,0.04113842616905488
265,22,0.024120983983402976
265,76,0.03128329028956321
265,36,0.04907851760893831
265,134,0.06791170963066537
265,140,0.07479116805455643
265,231,0.0755375252949844
265,276,0.09973684362100015
265,214,0.10388420333749969
265,123,0.10710359269909978
265,218,0.10971434335078548
266,198,0.010416275788712692
266,178,0.012452527568648127
266,242,0.014650014016568048
266,294,0.025643797372381424
266,295,0.03251200560281196
266,67,0.0333333784062182
266,150,0.03494555919391423
266,74,0.03530188182986242
266,78,0.038414637020814116
266,219,0.038493716639716354
267,53,0.04012658943115555
267,14,0.0710694107414499
267,96,0.0814343721344627
267,122,0.08650034700677438
267,120,0.08809789286119904
267,161,0.09095595980870548
267,110,0.09288367433275778
267,270,0.09366029732603909
267,179,0.10510586291359116
268,127,0.034826758352538505
268,118,0.03647185204074984
268,126,0.0400337975234141
268,70,0.04356761208655753
268,247,0.046067731583597386
268,54,0.047935532676341264
268,216,0.05017949112543197
268,80,0.05147139133082871
268,287,0.05270794245538586
268,45,0.05352898790542949
269,74,0.03173638593572546
269,295,0.041558848085417356
269,258,0.042605581001764786
269,294,0.044180798894434534
269,242,0.0456080277290439
269,219,0.05194209809080995
269,178,0.05711170687267289
269,198,0.058075966467554
269,266,0.05872918703953618
269,7,0.059093800063470175
270,122,0.014139606649255827
270,14,0.022599572935525863
270,189,0.02321468025926497
270,2,0.0252362175357539
270,120,0.03199555213092415
270,82,0.03201670577146016
270,161,0.033388875008974334
270,43,0.04632304821136975
270,10,0.04819571980195616
270,53,0.058731472963500744
271,240,0.009355258397256165
271,38,0.010681197145207984
271,37,0.01660915680925258
271,163,0.017094348142858845
271,201,0.020869126099792686
271,301,0.033886798196594174
271,245,0.03634087630520952
271,20,0.04337576206887743
271,7,0.04550072882313217
271,178,0.05661822691467892
272,181,0.020455430917197176
272,159,0.023260946968058433
272,253,0.024985688867541104
272,211,0.029942422843825863
272,183,0.031200659808020392
272,113,0.03158583590432083
272,197,0.03806842046849802
272,227,0.03858085459452501
272,166,0.045469714963346154
272,290,0.05396990613761335
273,257,0.012672531782765607
273,261,0.019838850584124084
273,142,0.023177020117925076
273,278,0.025791830174032474
273,259,0.03480822344635216
273,79,0.04026849080195387
273,91,0.041420710558489636
273,158,0.04392218090361204
273,141,0.04415788366852806
273,239,0.044987936462037505
274,208,0.002656140264664647
274,174,0.011760164833937095
274,30,0.01973844515144433
274,188,0.026630376256400825
274,210,0.03024200248193688
274,286,0.03152736793055296
274,150,0.040532767780184185
274,203,0.042779081053488696
274,67,0.04341803597714172
274,249,0.044192649253433774
275,92,0.014537936116602633
275,156,0.016057169499208594
275,55,0.023259497454668727
275,202,0.024021674806505067
275,285,0.03459635939570997
275,282,0.043395525279431336
275,173,0.044937428887044745
275,233,0.051884681795026824
275,130,0.060998320699265675
275,291,0.07230258668623439
276,123,0.0073777465313464245
276,280,0.012439040168274183
276,231,0.02435930813592166
276,218,0.03075677670394878
276,190,0.03325532884745369
276,140,0.03561589955601034
276,52,0.0435838275680853
276,134,0.04417504396516249
276,13,0.05031741557231602
276,284,0.0514929773956967
277,187,0.01206097383605432
277,133,0.01319973235318334
277,252,0.01707191453710967
277,238,0.017805373938114998
277,149,0.0250957470107209
277,49,0.025345723510250103
277,241,0.031769511500707885
277,195,0.04017336939228287
277,90,0.044100435037658016
277,244,0.04477529731133078
278,158,0.020699433279148298
278,261,0.021303836332464812
278,257,0.022139515985187964
278,79,0.02359061750166452
278,142,0.024601302776473506
278,273,0.025791830174032474
278,259,0.03547759058214082
278,129,0.03637682352859654
278,91,0.04327448823090151
278,288,0.04672763848043112
279,27,0.012987812945468465
279,222,0.023241536278162646
279,144,0.02953635127928681
279,65,0.03495581787634962
279,116,0.03511812671254533
279,174,0.03567112445712543
279,203,0.038898555221310256
279,188,0.04630500928437837
279,155,0.04669871308620547
279,274,0.04712911991007303
280,123,0.008065464372040917
280,276,0.012439040168274183
280,190,0.02197051671959819
280,52,0.03243659698655764
280,231,0.03474601840934381
280,218,0.03762080296010984
280,284,0.03933179187886498
280,13,0.04411286076362465
280,35,0.04612027064354699
280,140,0.04804498076190558
281,97,0.0022803989753015395
281,68,0.01438983503268905
281,243,0.018031411295340503
281,249,0.020024654528277588
281,203,0.021791827400248095
281,20,0.023941384698233308
281,65,0.028615666229170916
281,67,0.031030117355921205
281,150,0.03120588629507623
281,116,0.03675677075054846
282,285,0.01036949994510711
282,156,0.02735653477716964
282,275,0.043395525279431336
282,202,0.052692205262560854
282,92,0.05631004966848725
282,55,0.06279328588695202
282,173,0.07627832514458109
282,233,0.09277536807654163
282,130,0.10438496400974359
282,291,0.1074796490083036
283,57,0.026168454412981133
283,197,0.030707442024165543
283,152,0.036366408900114784
283,227,0.04223770032490989
283,112,0.04324624328752131
283,111,0.044389798829921764
283,194,0.046038481083817175
283,211,0.04709096649467296
283,183,0.05027186063761627
283,272,0.05558854006310488
284,35,0.009666280205864174
284,89,0.011364195303873914
284,52,0.012587311208858577
284,190,0.01943677196171576
284,13,0.037449832546945186
284,280,0.03933179187886498
284,123,0.045090375134357305
284,276,0.0514929773956967
284,83,0.05164215818758655
284,206,0.05689506758222765
285,282,0.01036949994510711
285,156,0.019014496309392965
285,275,0.03459635939570997
285,202,0.04232619091068773
285,92,0.04828941899729315
285,55,0.055555095016691716
285,173,0.065922738921039
285,233,0.08273710164252225
285,130,0.0954481262392708
285,291,0.09711026962122367
286,210,0.010054172897096767
286,30,0.012758658031874051
286,188,0.023151946161289117
286,153,0.027168953485122768
286,208,0.02923342715079105
286,274,0.03152736793055296
286,174,0.03998788462086849
286,171,0.049175455773471925
286,78,0.053557720457178305
286,4,0.05429701675976369
287,216,0.00683426842207369
287,5,0.011015752303702896
287,212,0.012159952010269091
287,101,0.038837753361242566
287,126,0.044377933495042314
287,127,0.04439769690216605
287,121,0.04991063037633235
287,64,0.05057835061857209
287,106,0.05211224926140713
287,268,0.05270794245538586
288,232,0.01678939341862931
288,259,0.01823836121985981
288,108,0.02435288698310393
288,47,0.030828147713078985
288,261,0.03292211244667173
288,119,0.034049306128458294
288,158,0.03843417283890124
288,160,0.046179772410913755
288,278,0.04672763848043112
288,220,0.0522362961729309
289,117,0.02741010324592142
289,182,0.028322810919789578
289,101,0.03557794179173193
289,69,0.036864224894691586
289,50,0.04443945172002937
289,113,0.04822685308319077
289,56,0.04855221537469864
289,247,0.051141040462184484
289,181,0.0524764134460787
289,106,0.054534481795482495
290,166,0.009897229619502337
290,60,0.018134068229792938
290,80,0.020172639150991607
290,253,0.028984269152947228
290,247,0.029613859745126075
290,183,0.03401137573679717
290,70,0.03678527764403532
290,272,0.05396990613761335
290,186,0.06041602155148228
290,181,0.061243134509005766
291,233,0.028373126235880678
291,173,0.03144977988228302
291,130,0.05360119301495089
291,202,0.05482743376507739
291,92,0.07032106015799348
291,275,0.07230258668623439
291,55,0.07445214594220965
291,236,0.07493274674327495
291,154,0.07498892031879027
291,229,0.07913738245265552
292,204,0.038708793320851295
292,223,0.04613459774481144
292,256,0.048141428651639846
292,95,0.05102971934125141
292,139,0.05317100917737721
292,21,0.05590171347551835
292,147,0.056834843157231155
292,102,0.05848629175630539
292,215,0.06239587931370391
292,179,0.06452415753095486
293,86,0.012593812930327061
293,185,0.014590569674394135
293,298,0.021239674007230782
293,62,0.028365151040641738
293,105,0.029740727596436492
293,87,0.030748154351012927
293,236,0.037692115804379527
293,299,0.043493312920581444
293,154,0.04515692557797026
293,255,0.048964149585347415
294,74,0.01317596099191178
294,219,0.01556804180610949
294,198,0.01842221471219299
294,78,0.02068396506957715
294,242,0.024143704720538225
294,171,0.02470281378724755
294,266,0.025643797372381424
294,4,0.027598033979020678
294,258,0.03262282916353643
294,178,0.03375732409193145
295,7,0.018690027758426563
295,242,0.019444402157383807
295,178,0.023113055570657615
295,266,0.03251200560281196
295,74,0.039204411988364225
295,198,0.03937388225335998
295,294,0.04056713355667801
295,269,0.041558848085417356
295,245,0.04850631752596488
295,201,0.051259933179376174
296,184,0.01325078821123465
296,205,0.014294072495721984
296,297,0.015390268537170687
296,109,0.023258278436765697
296,221,0.02523626192106999
296,172,0.028810785101933845
296,102,0.042365991038046016
296,147,0.043669665954877424
296,95,0.04806363009577231
296,223,0.05928459274310797
297,296,0.015390268537170687
297,172,0.02046208246594271
297,184,0.024514306337498203
297,147,0.02862848233914898
297,205,0.02963307091076163
297,102,0.030786214359043797
297,95,0.03391823395184713
297,109,0.03763266350084787
297,221,0.03989043517607875
297,223,0.04821521038941415
298,105,0.008564442795033284
298,86,0.010968293681173726
298,185,0.011553039961320826
298,87,0.019049932811915624
298,293,0.021239674007230782
298,62,0.02338790642647166
298,255,0.027830087999951732
298,299,0.028711336768264557
298,250,0.030016150344621545
298,196,0.04641357678341104
299,87,0.012884117855975732
299,209,0.020624508600017098
299,250,0.021486209122710574
299,105,0.024306813277178305
299,167,0.02620342954742973
299,298,0.028711336768264557
299,185,0.028945950917548004
299,255,0.031315221873112406
299,86,0.038452400656957285
299,293,0.043493312920581444
300,151,0.017351134160350577
300,226,0.022212494629288735
300,149,0.026422216426925046
300,90,0.027481582017041775
300,241,0.02889373358723106
300,133,0.03395755906819991
300,187,0.03535775265556585
300,200,0.03971683461338455
300,61,0.04092052542185378
300,277,0.047008099973020676
301,245,0.01885192484011748
301,201,0.01999549752563908
301,38,0.02325952287009927
301,271,0.033886798196594174
301,240,0.04322212367624112
301,7,0.04847669615022373
301,163,0.050134113438801184
301,37,0.05013907571874026
301,295,0.06666838440361038
301,178,0.07214625452090427
